Workbook

Sheet Project Data
A1: Project Name | B1: TaskOrbit Conversational Agent
A3: Online team meeting | B3: https://fau.zoom-x.de/j/65288966243?pwd=DnF4jxSAfJugyMmynzjE1BaaFprRbi.1
A5: Production system (if any) | B5: TBD (Industry Partner Meeting on Monday)
A6: Test system (if any) | B6: TBD (Industry Partner Meeting on Monday)
A8: GitHub repository | B8: https://github.com/amosproj/amos2026ss04-taskorbit-conversational-agent
A9: GitHub feature board | B9: https://github.com/orgs/amosproj/projects/100/views/2
A10: GitHub imp-squared backlog | B10: https://github.com/orgs/amosproj/projects/104/views/1
A12: Position of T-shirt logo | B12: Upper Torso Center Large
A13: Link to logo for black T-shirt | B13: https://github.com/amosproj/amos2026ss04-taskorbit-conversational-agent/blob/feature/team-logo-design/Deliverables/sprint-01/team-logo.png
A14: Link to logo for white T-shirt | B14: https://github.com/amosproj/amos2026ss04-taskorbit-conversational-agent/blob/feature/team-logo-design/Deliverables/sprint-01/team-logo.png
A16: Additional materials | B16: https://discord.gg/usXpc5ab
A18: Team maling list | B18: oss-amos-proj4@lists.fau.de

Sheet Project Team
A1: Last Name | B1: First Name | C1: GitHub User Name | D1: Email Address
A2: Fatima | B2: Qiblatain | C2: qiblatainf | D2: qiblatain.fatima@fau.de
A3: Huy | B3: Christoph | C3: Perimora | D3: christoph.huy@campus.tu-berlin.de
A4: Raza | B4: Asad | C4: asadraza17 | D4: asad.raza@fau.de
A5: Jokiel | B5: Rene | C5: BelmontR | D5: rene.jokiel@fau.de
A6: Mosler | B6: Carl | C6: Caerum5 | D6: carl.mosler@tu-berlin.de
A7: Vineesh | B7: Koppay | C7: K-Vineesh | D7: vineesh.koppay@fau.de
A8: Moeez | B8: Abdul | C8: abdulmoeez1225 | D8: abdul.moeez@fau.de
A9: Thakur | B9: Shikhar | C9: shikharthakur2404` | D9: shikhar.thakur@fau.de
A10: Dhruvin | B10: Vekariya | C10: djv03 | D10: dhruvin.vekariya@fau.de
A11: Shameti | B11: Endri | C11: 1Endri | D11: endri.shameti@fau.de

Sheet Role Assignments
C1: Product Owner
A2: # | B2: Meeting Day | C2: Review | D2: Planning | E2: Software Developer | F2: Release Manager | G2: Scrum Master | H2: Comment
A3: 1 | B3: 46127 | D3: Carl | E3: Everyone else | F3: N/A | G3: Rene
A4: 2 | B4: =B3+7 -> 46134 | C4: Carl | D4: Christoph | F4: Endri Shameti | G4: Rene
A5: 3 | B5: =B4+7 -> 46141 | C5: Christoph | D5: Carl | F5: Dhruvin | G5: Rene
A6: 4 | B6: =B5+7 -> 46148 | C6: Carl | D6: Christoph | F6: Qiblatain | G6: Rene
A7: 5 | B7: =B6+7 -> 46155 | C7: Christoph | D7: Carl | F7: Vineesh Koppay | G7: Rene
A8: 6 | B8: =B7+7 -> 46162 | C8: Carl | D8: Christoph | F8: Abdul Moeez | G8: Rene
A9: 7 | B9: =B8+7 -> 46169 | C9: Christoph | D9: Carl | F9: Asad Raza | G9: Rene | H9: Mid-term due
A10: 8 | B10: =B9+7 -> 46176 | C10: Carl | D10: Christoph | F10: Shikhar | G10: Rene
A11: 9 | B11: =B10+7 -> 46183 | C11: Christoph | D11: Carl | F11: Endri Shameti | G11: Rene
A12: 10 | B12: =B11+7 -> 46190 | C12: Carl | D12: Christoph | F12: Dhruvin | G12: Rene
A13: 11 | B13: =B12+7 -> 46197 | C13: Christoph | D13: Carl | F13: Qiblatain | G13: Rene
A14: 12 | B14: =B13+7 -> 46204 | C14: Carl | D14: Christoph | F14: Vineesh Koppay | G14: Rene
A15: 13 | B15: =B14+7 -> 46211 | C15: Christoph | D15: Carl | F15: Abdul Moeez | G15: Rene
A16: 14 | B16: =B15+7 -> 46218 | C16: Carl | D16: Christoph | F16: Asad Raza | G16: Rene | H16: Demo day!
A17: 15 | B17: =B16+7 -> 46225 | C17: Christoph | D17: Carl | F17: Shikhar | G17: Rene | H17: Retrospective
A19: Product owners, software developers, and Scurm Master are set and ideally don't change over time; the critical part is the Release Manager role you need to define here

Sheet Team Contract
A1: Goals | B1: Create a flawless and valuable project that the industry partner will be able to use. Create clean and reusable code and structures
A3: Meeting norms | B3: - be on time -cams on -reach out if you are not gonna make it
B4: - We'll respect each other's opinions and try to communicate as much as possible
A5: Working norms | B5: - Document and comment your code - We'll use branches in a sensefull way and not work directly on the main branch - Transparency - Clear commit messages - We test our code - We write clean code
A7: Coordination norms | B7: - We'll update the feature board in time - If there are multiple devs working on one item, they will communicate and coordinate and not work independently - We balance the workload among the team
A9: Communication norms | B9: - We talk about issues and problems when we face them - Transparent communication - Daily check the corresponding channels
A11: Consideration norms | B11: - We support each other when ever needed - We talk about issues openly - If we can't reach a consensus, we'll vote - We don't take critique personally
A13: Cont. improvement norms | B13: - We'll be open to learn and teach - We encourage critique and improvements efforts
A15: Rewards | B15: - We celebrate milestones with pizza - Very helpful team members get an extra slice of pizza
A17: Sanctions | B17: - Sit ups (at least 10, more if needed)
A19: Signatures
A21: Scrum Master | B21: Rene Jokiel
A22: Product owner | B22: Christoph Huy
A23: Product owner | B23: Carl Mosler
A24: Software developer | B24: Endri Shameti
A25: Software developer | B25: Dhruvin Vekariya
A26: Software developer | B26: Abdul Moeez
A27: Software developer | B27: Vineesh Koppay
A28: Software developer | B28: Asad Raza
A29: Software developer | B29: Qiblatain Fatima
A30: Software developer | B30: Shikhar Thakur

Sheet Product Goal
A1: Product Vision | B1: Project Mission
A3: The reason of existence of the envisioned product (beyond this project). | B3: The mission of this particular project (in the context of the product vision).

Sheet Product Glossary
A1: Term | B1: Definition

Sheet Sprint Goals
A1: Sprint # | B1: Sprint goal
A2: 1 | B2: None
A3: =A2+1 -> 2 | B3: None
A4: =A3+1 -> 3 | B4: None
A5: =A4+1 -> 4 | B5: Optional
A6: =A5+1 -> 5 | B6: Write your sprint goal here
A7: =A6+1 -> 6
A8: =A7+1 -> 7
A9: =A8+1 -> 8
A10: =A9+1 -> 9
A11: =A10+1 -> 10
A12: =A11+1 -> 11
A13: =A12+1 -> 12
A14: =A13+1 -> 13
A15: =A14+1 -> 14
A16: =A15+1 -> 15

Sheet Mid-Project Release plan
A1: Sprint | B1: Goal | C1: Feature Name | D1: Est. size | E1: Est. remaining | F1: Real size | G1: Real remaining
A3: Release
A5: Total | D5: =sum(D8:D13) -> 0 | E5: =D5 -> 0
A7: Sprints
E8: Estimated burn-down | G8: Real burn-down
A9: 1 | D9: =sum(D16:D21) -> 0 | E9: =$D$5 -> 0 | F9: =sum(F16:F21) -> 0 | G9: =$D$5 -> 0
A10: =A9+1 -> 2 | D10: =sum(D22:D27) -> 0 | E10: =E9-D9 -> 0 | F10: =sum(F22:F27) -> 0 | G10: =G9-F9 -> 0
A11: =A10+1 -> 3 | D11: =sum(D28:D33) -> 0 | E11: =E10-D10 -> 0 | F11: =sum(F28:F33) -> 0 | G11: =G10-F10 -> 0
A12: ... | E12: =E11-D11 -> 0 | G12: =G11-F11 -> 0
A14: Features
A16: =A9 -> 1 | B16: =B9
A22: =A10 -> 2 | B22: =B10
A28: =A11 -> 3 | B28: =B11
C33: PLEASE CREATE THE BURNDOWN CHART ON A NEW TAB USING THE DATA FROM THIS TAB

Sheet Velocity Tracking
A1: Sprint # | B1: Story Points Realized
A2: 1
A3: =A2+1 -> 2
A4: =A3+1 -> 3
A5: =A4+1 -> 4
A6: =A5+1 -> 5
A7: =A6+1 -> 6
A8: =A7+1 -> 7
A9: =A8+1 -> 8
A10: =A9+1 -> 9
A11: =A10+1 -> 10
A12: =A11+1 -> 11
A13: =A12+1 -> 12
A14: =A13+1 -> 13
... A16: =A15+1 -> 15
B18: PLEASE CREATE THE VELOCITY CHART ON A NEW TAB USING THE DATA FROM THIS TAB

Sheet Final Project Release plan
A1: Sprint | B1: Goal | C1: Feature Name | D1: Est. size | E1: Est. remaining | F1: Real size | G1: Real remaining
A3: Release
A5: Total | D5: =sum(D8:D13) -> 0 | E5: =D5 -> 0
A7: Sprints
E8: Estimated burn-down | G8: Real burn-down
A9: 1 | D9: =sum(D16:D21) -> 0 | E9: =$D$5 -> 0 | F9: =sum(F16:F21) -> 0 | G9: =$D$5 -> 0
A10: =A9+1 -> 2 | D10: =sum(D22:D27) -> 0 | E10: =E9-D9 -> 0 | F10: =sum(F22:F27) -> 0 | G10: =G9-F9 -> 0
A11: =A10+1 -> 3 | D11: =sum(D28:D33) -> 0 | E11: =E10-D10 -> 0 | F11: =sum(F28:F33) -> 0 | G11: =G10-F10 -> 0
A12: ... | E12: =E11-D11 -> 0 | G12: =G11-F11 -> 0
A14: Features
A16: =A9 -> 1
A22: =A10 -> 2
A28: =A11 -> 3
C33: PLEASE CREATE THE BURNDOWN CHART ON A NEW TAB USING THE DATA FROM THIS TAB

Sheet Definition of Done
A1: # | B1: Feature Definition of Done | C1: Sprint Release Definition of Done | D1: Project Release Definition of Done

Sheet Documentation
A1: Type | B1: Link / reference
A2: Team Logo (SVG + PNG) | B2: https://github.com/amosproj/amos2026ss04-taskorbit-conversational-agent/blob/feature/team-logo-design/Deliverables/sprint-01/team-logo.png

Sheet Bill of Materials
A1: # | B1: Context | C1: Name | D1: Version | E1: License | F1: Comment

Sheet Planning Poker
A1: ='Project Team'!A1 -> Last Name | B1: ='Project Team'!B1 -> First Name | C1: Value
A2: ='Project Team'!A2 -> Fatima | B2: ='Project Team'!B2 -> Qiblatain | C2: 0 | E2: =average(C2:C10) -> 0 | F2: =if(stdev(C2:C7) > 0,"NOK", "OK") -> OK
A3: ='Project Team'!A3 -> Huy | B3: ='Project Team'!B3 -> Christoph | C3: 0
A4: ='Project Team'!A4 -> Raza | B4: ='Project Team'!B4 -> Asad
A5: ='Project Team'!A5 -> Jokiel | B5: ='Project Team'!B5 -> Rene
A6: ='Project Team'!A6 -> Mosler | B6: ='Project Team'!B6 -> Carl | E6: 0 | F6: No size
A7: ='Project Team'!A7 -> Vineesh | B7: ='Project Team'!B7 -> Koppay | E7: 1 | F7: Trivial size
A8: ='Project Team'!A8 -> Moeez | B8: ='Project Team'!B8 -> Abdul | E8: 2 | F8: Small size
A9: ='Project Team'!A9 -> Thakur | B9: ='Project Team'!B9 -> Shikhar | E9: 3 | F9: Medium size
A10: ='Project Team'!A10 -> Dhruvin | B10: ='Project Team'!B10 -> Vekariya | E10: 5 | F10: Large size
E11: 8 | F11: Very large size
E12: 13 | F12: Too large (size)
A14: How to play planning poker
A16: 1. Everyone type their number into their value field, don't hit return yet
A17: 2. Someone, perhaps a product owner, count down 3.. 2.. 1..
A18: 3. Then, everyone hit return to submit their value
