Workbook

Sheet Project Data
A1: Project Name | B1: TaskOrbit Conversational Agent
A3: Online team meeting | B3: https://fau.zoom-x.de/j/65288966243?pwd=DnF4jxSAfJugyMmynzjE1BaaFprRbi.1
A5: Production system (if any) | B5: GCP
A6: Test system (if any) | B6: None
A8: GitHub repository | B8: https://github.com/amosproj/amos2026ss04-taskorbit-conversational-agent
A9: GitHub feature board | B9: https://github.com/orgs/amosproj/projects/100/views/2
A10: GitHub imp-squared backlog | B10: https://github.com/orgs/amosproj/projects/104/views/1
A12: Position of T-shirt logo | B12: Upper Torso Center Large
A13: Link to logo for black T-shirt | B13: https://github.com/amosproj/amos2026ss04-taskorbit-conversational-agent/blob/feature/team-logo-design/Deliverables/sprint-01/team-logo.png
A14: Link to logo for white T-shirt | B14: https://github.com/amosproj/amos2026ss04-taskorbit-conversational-agent/blob/feature/team-logo-design/Deliverables/sprint-01/team-logo.png
A16: Additional materials | B16: https://discord.gg/usXpc5ab
A18: Team maling list | B18: oss-amos-proj4@lists.fau.de

Sheet Project Team
A1: Last Name | B1: First Name | C1: GitHub User Name | D1: Email Address
A2: Fatima | B2: Qiblataina | C2: qiblatainf | D2: qiblatain.fatima@fau.de
A3: Huy | B3: Christoph | C3: Perimora | D3: christoph.huy@campus.tu-berlin.de
A4: Raza | B4: Asad | C4: asadraza17 | D4: asad.raza@fau.de
A5: Jokiel | B5: Rene | C5: BelmontR | D5: rene.jokiel@fau.de
A6: Mosler | B6: Carl | C6: Caerum5 | D6: carl.mosler@tu-berlin.de
A7: Vineesh | B7: Koppay | C7: K-Vineesh | D7: vineesh.koppay@fau.de
A8: Moeez | B8: Abdul | C8: abdulmoeez1225 | D8: abdul.moeez@fau.de
A9: Thakur | B9: Shikhar | C9: shikharthakur2404` | D9: shikhar.thakur@fau.de
A10: Dhruvin | B10: Vekariya | C10: djv03 | D10: dhruvin.vekariya@fau.de
A11: Shameti | B11: Endri | C11: 1Endri | D11: endri.shameti@fau.de

Sheet Role Assignments
C1: Product Owner
A2: # | B2: Meeting Day | C2: Review | D2: Planning | E2: Software Developer | F2: Release Manager | G2: Scrum Master | H2: Comment
A3: 1 | B3: 46127 | D3: Carl | E3: Everyone else | F3: N/A | G3: Rene
A4: 2 | B4: =B3+7 -> 46134 | C4: Carl | D4: Christoph | F4: Endri Shameti | G4: Rene
A5: 3 | B5: =B4+7 -> 46141 | C5: Christoph | D5: Carl | F5: Dhruvin | G5: Rene
A6: 4 | B6: =B5+7 -> 46148 | C6: Carl | D6: Christoph | F6: Qiblatain | G6: Rene
A7: 5 | B7: =B6+7 -> 46155 | C7: Christoph | D7: Carl | F7: Vineesh Koppay | G7: Rene
A8: 6 | B8: =B7+7 -> 46162 | C8: Carl | D8: Christoph | F8: Asad Raza | G8: Rene
A9: 7 | B9: =B8+7 -> 46169 | C9: Christoph | D9: Carl | F9: Abdul Moeez | G9: Rene | H9: Mid-term due
A10: 8 | B10: =B9+7 -> 46176 | C10: Carl | D10: Christoph | F10: Shikhar | G10: Rene
A11: 9 | B11: =B10+7 -> 46183 | C11: Christoph | D11: Carl | F11: Endri Shameti | G11: Rene
A12: 10 | B12: =B11+7 -> 46190 | C12: Carl | D12: Christoph | F12: Dhruvin | G12: Rene
A13: 11 | B13: =B12+7 -> 46197 | C13: Christoph | D13: Carl | F13: Qiblatain | G13: Rene
A14: 12 | B14: =B13+7 -> 46204 | C14: Carl | D14: Christoph | F14: Vineesh Koppay | G14: Rene
A15: 13 | B15: =B14+7 -> 46211 | C15: Christoph | D15: Carl | F15: Abdul Moeez | G15: Rene
A16: 14 | B16: =B15+7 -> 46218 | C16: Carl | D16: Christoph | F16: Asad Raza | G16: Rene | H16: Demo day!
A17: 15 | B17: =B16+7 -> 46225 | C17: Christoph | D17: Carl | F17: Shikhar | G17: Rene | H17: Retrospective
A19: Product owners, software developers, and Scurm Master are set and ideally don't change over time; the critical part is the Release Manager role you need to define here

Sheet Team Contract
A1: Goals | B1: Create a flawless and valuable project that the industry partner will be able to use. Create clean and reusable code and structures
A3: Meeting norms | B3: - be on time -cams on -reach out if you are not gonna make it
B4: - We'll respect each other's opinions and try to communicate as much as possible
A5: Working norms | B5: - Document and comment your code - We'll use branches in a sensefull way and not work directly on the main branch - Transparency - Clear commit messages - We test our code - We write clean code
A7: Coordination norms | B7: - We'll update the feature board in time - If there are multiple devs working on one item, they will communicate and coordinate and not work independently - We balance the workload among the team
A9: Communication norms | B9: - We talk about issues and problems when we face them - Transparent communication - Daily check the corresponding channels
A11: Consideration norms | B11: - We support each other when ever needed - We talk about issues openly - If we can't reach a consensus, we'll vote - We don't take critique personally
A13: Cont. improvement norms | B13: - We'll be open to learn and teach - We encourage critique and improvements efforts
A15: Rewards | B15: - We celebrate milestones with pizza - Very helpful team members get an extra slice of pizza
A17: Sanctions | B17: - Sit ups (at least 10, more if needed)
A19: Signatures
A21: Scrum Master | B21: Rene Jokiel
A22: Product owner | B22: Christoph Huy
A23: Product owner | B23: Carl Mosler
A24: Software developer | B24: Endri Shameti
A25: Software developer | B25: Dhruvin Vekariya
A26: Software developer | B26: Abdul Moeez
A27: Software developer | B27: Vineesh Koppay
A28: Software developer | B28: Asad Raza
A29: Software developer | B29: Qiblatain Fatima
A30: Software developer | B30: Shikhar Thakur

Sheet Product Goal
A1: Product Vision | B1: Project Mission
A3: Product Vision: TaskOrbit provides a domain-independent framework for building reliable conversational AI agents through declarative workflows and structured agent orchestration. The platform enables organizations to create configurable voice and chat agents that integrate STT, LLMs, TTS, and external APIs into unified conversational workflows. By standardizing conversational automation across different business domains, TaskOrbit helps companies reduce manual effort, streamline internal and external processes, and deploy scalable AI-driven assistants without building custom infrastructure from scratch. | B3: The mission of this project is to create an MVP for a Voice AI Agent platform. Within the given project time-frame, the team is committed to delivering a fully functional conversational interface supporting configurable single-agent and multi-agent workflows. Core functionality will include the integration of STT for user input, a LLM backend for conversational processing and reasoning, agent orchestration capabilities, and TTS for audio output. The primary objective of this project is to provide a reliable and extensible end-to-end conversational system through the integration of these core components.

Sheet Product Glossary
A1: Term | B1: Definition
A2: E2E | B2: End-to-End (Workflow): The complete processing pipeline of a system interaction, starting from user input through internal processing and concluding with the system’s resulting output.
A3: LLM (Large Language Model) | B3: The underlying AI backend used for conversational processing, reasoning, and generating text responses based on user prompts
A4: TTS (Text to Speech) | B4: The technology that converts text into a spoken audio output (e.g. the voice of the agent talking to the user)
A5: STT (Speech to Text) | B5: The technology that converts spoken audio input into a text (e.g., transcribing the spoken input from a user for a LLM)
A6: Latency | B6: The time delay between the end of a user's spoken input and the beginning of the agent's audio response (Roundtrip Time)
A7: Agent | B7: An autonomous entity within the platform configured with a specific persona, logic and context to interact with the user via voice (or text)
A8: Agent Orchestration | B8: The capability of the TaskOrbit framework to coordinate multiple specialized conversational agents within a single workflow to solve tasks
A9: Agent Persona | B9: The behavioral guidelines assigned to an agent to ensure it interacts appropriately with the user based on its specific task
A10: Agent Hand-off | B10: The seamless transfer of the conversation from one specialized agent to another when the user's request shifts to a different topic
A11: External Tool | B11: An external integration, API or function invoked by the agent to interact with outside services, databases or systems
A12: Internal Tool | B12: An internal capability, native logic or workflow executed within the agent's system to process information or manage tasks
... A21: Conditional Prerequisite | B21: A dynamic workflow rule where preceding agents are determined on-the-fly based on the routed intent of the user -> overriding static steps

Sheet Sprint Goals
A1: Sprint # | B1: Sprint goal
A2: 1 | B2: None
A3: =A2+1 -> 2 | B3: None
A4: =A3+1 -> 3 | B4: None
A5: =A4+1 -> 4 | B5: Optional
A6: =A5+1 -> 5 | B6: Persistent Single-Prompt Agent Prototype
A7: =A6+1 -> 6 | B7: Cloud Deployment/Migration & System Robustness
A8: =A7+1 -> 7 | B8: Advance core platform capabilities & foundation for multi-agent workflow orchestration
A9: =A8+1 -> 8 | B9: Refine agent interaction quality, tool integration & production stability
A10: =A9+1 -> 9 | B10: Conditional Multi-Agent Workflows & Unified Processing
A11: =A10+1 -> 10 | B11: Open-Source Model Integration & Evaluation Framework
A12: =A11+1 -> 11 | B12: System Hardening & Benchmarking
A13: =A12+1 -> 12 | B13: Polishing & Demo Day Prep
A14: 13 | B14: Handover & Documentation

Sheet Mid-Project Release plan
A1: Sprint | B1: Goal | C1: Feature Name | D1: Est. size | E1: Est. remaining | F1: Real size | G1: Real remaining
A3: Release
A5: Total | D5: =SUM(D8:D14) -> 120 | E5: =D5 -> 120
A7: Sprints
A8: Sprints | E8: Est. remaining | G8: Real remaining
A9: 1 | D9: =SUM(D18:D22) -> 1 | E9: =$D$5 -> 120 | F9: =SUM(F18) -> 1 | G9: =$D$5 -> 120
A10: =A9+1 -> 2 | D10: =SUM(D24:D27) -> 16 | E10: =E9-D9 -> 119 | F10: =SUM(F24:F27) -> 12 | G10: =G9-F9 -> 119
A11: =A10+1 -> 3 | D11: =sum(D30:D35) -> 19 | E11: =E10-D10 -> 103 | F11: =SUM(F30:F34) -> 18 | G11: =G10-F10 -> 107
A12: 4 | D12: =SUM(D36:D41) -> 30 | E12: =E11-D11 -> 84 | F12: =SUM(F36:F41) -> 36 | G12: =G11-F11 -> 89
A13: 5 | D13: =SUM(D43:D49) -> 29 | E13: =E12-D12 -> 54 | F13: =SUM(F43:F49) -> 28 | G13: =G12-F12 -> 53
A14: 6 | D14: =SUM(D51:D59) -> 25 | E14: =E13-D13 -> 25 | F14: =SUM(F51:F59) -> 21 | G14: =G13-F13 -> 25
A16: Features
A18: =A9 -> 1 | B18: None | C18: Design Team Logo #1 | D18: 1 | F18: 1
A24: =A10 -> 2 | B24: None | C24: Initialize Software Bill of Materials #13 | D24: 3 | F24: 2
C25: System Architecture #12 | D25: 5 | F25: 5
C26: First UI Design & Implementation #5 | D26: 5 | F26: 5
C27: Setup Development Environment #17 | D27: 3 | F27: Not Accepted
A30: =A11 -> 3 | B30: None | C30: Setup Development Environment #17 | D30: 3 | F30: 3
C31: Setup LiveKit Infrastructure #26 | D31: 5 | F31: 5
C32: Schema Foundation #6 | D32: 3 | F32: 3
C33: Prepare Build Process Review #22 | D33: 3 | F33: 2
C34: Core Backend Foundation #7 | D34: 5 | F34: 5
A36: 4 | B36: ='Sprint Goals'!B5 -> Optional | C36: CI/CD Pipeline #10 | D36: 5 | F36: 8
C37: Basic Agent Runtime #33 | D37: 5 | F37: 5
C38: Basic LLM Integration #18 | D38: 5 | F38: 5
C39: DB Integration #32 | D39: 5 | F39: 5
C40: Audio Output via LiveKit (Text-to-Speech) # 15 | D40: 5 | F40: 5
C41: Audio Input via LiveKit (Speech-to-Text) #14 | D41: 5 | F41: 8
A43: 5 | B43: ='Sprint Goals'!B6 -> Persistent Single-Prompt Agent Prototype | C43: Build Process Video #43 | D43: 2 | F43: 3
C44: User Conversation History #45 | D44: 5 | F44: Not Accepted
C45: Save Agent Configuration #47 | D45: 3 | F45: 3
C46: Load Agent Configuration #51 | D46: 3 | F46: 3
C47: Manage Agent Configuration #52 | D47: 3 | F47: 3
C48: Logging & Monitoring Setup #11 | D48: 8 | F48: 8
C49: Voice Interruption for Audio Chat #55 | D49: 5 | F49: 8
A51: 6 | B51: ='Sprint Goals'!B7 -> Cloud Deployment/Migration & System Robustness | C51: User Conversation History #45 | D51: 5 | F51: Not Accepted
C52: User, Design & Build Documentation #74 | D52: 2 | F52: 3
C53: Slot Extraction for Structured Task Inputs #70 | D53: 5 | F53: 5
C54: Integrate Cloud Environment with IaC #21 | D54: 8 | F54: 8
C55: Agent Persona Guardrails #69 | D55: 5 | F55: 5
C65: PLEASE CREATE THE BURNDOWN CHART ON A NEW TAB USING THE DATA FROM THIS TAB

Sheet Velocity Tracking
A1: Sprint # | B1: Story Points Realized | C1: Story Points Estimate
A2: 1 | B2: ='Mid-Project Release plan'!F9 -> 1 | C2: {='Mid-Project Release plan'!D9:D14} -> 1
A3: =A2+1 -> 2 | B3: ='Mid-Project Release plan'!F10 -> 12 | C3: 16
A4: =A3+1 -> 3 | B4: ='Mid-Project Release plan'!F11 -> 18 | C4: 19
A5: =A4+1 -> 4 | B5: ='Mid-Project Release plan'!F12 -> 36 | C5: 30
A6: =A5+1 -> 5 | B6: =IF('Mid-Project Release plan'!F13=0, "", 'Mid-Project Release plan'!F13) -> 28 | C6: 29
A7: =A6+1 -> 6 | B7: =IF('Mid-Project Release plan'!F14=0, "", 'Mid-Project Release plan'!F14) -> 21 | C7: 25
A8: =A7+1 -> 7 | B8: =IF('Final Project Release plan'!F9=0, "", 'Final Project Release plan'!F9) -> 30 | C8: =IF('Final Project Release plan'!D9=0, "", 'Final Project Release plan'!D9) -> 30
A9: =A8+1 -> 8 | B9: =IF('Final Project Release plan'!F10=0, "", 'Final Project Release plan'!F10) -> 18 | C9: =IF(OR('Final Project Release plan'!D10=0, B8=""), "", 'Final Project Release plan'!D10) -> 24
A10: =A9+1 -> 9 | B10: =IF('Final Project Release plan'!F11=0, "", 'Final Project Release plan'!F11) -> 40 | C10: =IF(OR('Final Project Release plan'!D11=0, B9=""), "", 'Final Project Release plan'!D11) -> 29
A11: =A10+1 -> 10 | B11: =IF('Final Project Release plan'!F12=0, "", 'Final Project Release plan'!F12) -> 33 | C11: =IF(OR('Final Project Release plan'!D12=0, B10=""), "", 'Final Project Release plan'!D12) -> 31
A12: =A11+1 -> 11 | B12: =IF('Final Project Release plan'!F13=0, "", 'Final Project Release plan'!F13) -> 32 | C12: =IF(OR('Final Project Release plan'!D13=0, B11=""), "", 'Final Project Release plan'!D13) -> 32
A13: =A12+1 -> 12 | B13: =IF('Final Project Release plan'!F14=0, "", 'Final Project Release plan'!F14) -> 26 | C13: =IF(OR('Final Project Release plan'!D14=0, B12=""), "", 'Final Project Release plan'!D14) -> 36
A14: =A13+1 -> 13 | B14: =IF('Final Project Release plan'!F15=0, "", 'Final Project Release plan'!F15) | C14: =IF(OR('Final Project Release plan'!D15=0, B13=""), "", 'Final Project Release plan'!D15) -> 45
B15: =IF('Final Project Release plan'!F16=0, "", 'Final Project Release plan'!F16) | C15: =IF(OR('Final Project Release plan'!D16=0, B14=""), "", 'Final Project Release plan'!D16)
B16: =IF('Final Project Release plan'!F17=0, "", 'Final Project Release plan'!F17)
B18: PLEASE CREATE THE VELOCITY CHART ON A NEW TAB USING THE DATA FROM THIS TAB

Sheet Velocity Chart

Sheet Final Project Release plan
A1: Sprint | B1: Goal | C1: Feature Name | D1: Est. size | E1: Est. remaining | F1: Real size | G1: Real remaining
A3: Release
A5: Total | D5: =sum(D8:D15) -> 227 | E5: =D5 -> 227
A7: Sprints
A8: Sprints | E8: Est. remaining | G8: Real remaining
A9: 7 | D9: =sum(D19:D24) -> 30 | E9: =$D$5 -> 227 | F9: =sum(F19:F24) -> 30 | G9: =$D$5 -> 227
A10: =A9+1 -> 8 | D10: =SUM(D26:D32) -> 24 | E10: =E9-D9 -> 197 | F10: =SUM(F26:F32) -> 18 | G10: =G9-F9 -> 197
A11: =A10+1 -> 9 | D11: =SUM(D34:D41) -> 29 | E11: =E10-D10 -> 173 | F11: =SUM(F34:F41) -> 40 | G11: =G10-F10 -> 179
A12: 10 | D12: =SUM(D43:D49) -> 31 | E12: =E11-D11 -> 144 | F12: =SUM(F43:F49) -> 33 | G12: =G11-F11 -> 139
A13: 11 | D13: =SUM(D51:D60) -> 32 | E13: =E12-D12 -> 113 | F13: =SUM(F51:F60) -> 32 | G13: =G12-F12 -> 106
A14: 12 | D14: =SUM(D61:D71) -> 36 | E14: =E13-D13 -> 81 | F14: =SUM(F61:F71) -> 26 | G14: =G13-F13 -> 74
A15: 13 | D15: =SUM(D74:D85) -> 45 | E15: =E14-D14 -> 45 | F15: =SUM(F74:F85) -> 0 | G15: =G14-F14 -> 48
A17: Features
A19: =A9 -> 7 | B19: ='Sprint Goals'!B8 -> Advance core platform capabilities & foundation for multi-agent workflow orchestration | C19: Agent Config not persistant through text and voice prompts #99 | D19: 3 | F19: 3
C20: Agent/LLM Memory Safeguards #56 | D20: 8 | F20: 8
C21: Voice input splits into multiple bubbles & numbers/symbols are formatted wrong #102 | D21: 5 | F21: 5
C22: Agent Routing Foundation #8 | D22: 8 | F22: 8
C23: [PROD] Agent config not loaded correctly #100 | D23: 3 | F23: 3
C24: Livekit - Session Limit #112 | D24: 3 | F24: 3
A26: =A10 -> 8 | B26: ='Sprint Goals'!B9 -> Refine agent interaction quality, tool integration & production stability | C26: User Conversation History #45 | D26: 5 | F26: 5
C27: Generic Adapter for external Tools #66 | D27: 3 | F27: 5
C28: Stream LLM Responses #57 | D28: 5 | F28: Not Accepted
C29: [Tools] End Call #116 | D29: 3 | F29: 3
C30: Critical Action Confirmation #49 | D30: 3 | F30: 5
C31: Microphone Mute interrupts Agent TTS output #101 | D31: 3 | F31: Not Accepted
C32: Provider Model Dropdown #87 | D32: 2 | F32: Not Accepted
A34: =A11 -> 9 | B34: ='Sprint Goals'!B10 -> Conditional Multi-Agent Workflows & Unified Processing | C34: Conditional Workflow Engine #71 | D34: 5 | F34: 8
C35: [PROD] Grafana Backend Fix #103 | D35: 3 | F35: 3
C36: Interchangeable Model Selection #135 | D36: 3 | F36: 5
C37: Mute Agent Output #107 | D37: 3 | F37: 3
C38: Custom Agent Routing #129 | D38: 5 | F38: 8
C39: Stream LLM Responses #57 | D39: 5 | F39: 5
C40: Microphone Mute interrupts Agent TTS output #101 | D40: 3 | F40: 3
C41: Provider Model Dropdown #87 | D41: 2 | F41: 5
A43: 10 | B43: ='Sprint Goals'!B11 -> Open-Source Model Integration & Evaluation Framework | C43: Cloud Open Source Inference Server #67 | D43: 13 | F43: 8
C44: Benchmarking Environment #86 | D44: 8 | F44: 8
C45: Investigate high API usage rate #151 | D45: 5 | F45: 3
C46: Voice detection does not terminate #153 | D46: 5 | F46: 8
C47: Greeting message not showing up in the conversation history #164 | D47: Unplanned critical bug | F47: 3
C48: LLM Streaming frontend integration #162 | D48: Unplanned critical bug | F48: 3
A51: 11 | B51: ='Sprint Goals'!B12 -> System Hardening & Benchmarking | C51: Component Benchmarking #68 | D51: 5 | F51: Not Accepted
C52: Grafana OS Model Monitoring integration #139 | D52: 8 | F52: 8
C53: Self-Hosted LLM Inference on GCP #160 | D53: 8 | F53: 13
C54: Email transcription issue #169 | D54: 3 | F54: 3
C55: Agent Guadrails need to be added #168 | D55: 8 | F55: 5
C56: fix: resolve Gemini intent routing and harden API security #177 | D56: Unplanned critical bug | F56: 3
A61: 12 | B61: ='Sprint Goals'!B13 -> Polishing & Demo Day Prep | C61: Demo Video #187 | D61: 5 | F61: Was not presented
C62: UI Clean Up #181 | D62: 8 | F62: 8
C63: SBOM Automation & Legal Notices UI #138 | D63: 5 | F63: Not Accepted
C64: ElevenLabs and Deepgram provider switching is unreliable #166 | D64: 5 | F64: 5
C65: Some LLM providers are not functioning reliably #197 | D65: 5 | F65: 5
C66: Allow User to delete History Sessions #191 | D66: 3 | F66: 3
C67: Component Benchmarking #68 | D67: 5 | F67: Not Accepted
C68: Consistent data extraction from the conversation and showing in history #159 & 183 | D68: Unplanned critical bug | F68: 5
A74: 13 | B74: ='Sprint Goals'!B14 -> Handover & Documentation | C74: Finalize user, (technical) design and build/deploy documentation #182 | D74: 3
C75: Dropdown menu for agent handoffs #203 | D75: 3
C76: Final Repository & Readme Clean up #204 | D76: 5
C77: LiveKit "not configured" in Production #213 | D77: 2
C78: Dynamic Critical Action Confirmation #143 | D78: 3
C79: SBOM Automation & Legal Notices UI #138 | D79: 5
C80: Component Benchmarking #68 | D80: 8
C81: Agent Transfer/Handoff not working #212 | D81: 5
C82: Grafana Backend Logs not displayed correctly #210 | D82: 3
C83: Demo Video #187 | D83: 5
C84: Custom Agents not selectable in Conditional Workflow #214 | D84: 3
C94: Canceled:
C95: Support Markdown formatting in Chat UI #165
C96: Visuals & Fallback for external API Outages #150
C98: PLEASE CREATE THE BURNDOWN CHART ON A NEW TAB USING THE DATA FROM THIS TAB

Sheet Definition of Done
A1: # | B1: Feature Definition of Done | C1: Sprint Release Definition of Done | D1: Project Release Definition of Done
B2: General coding standards are met (eg. Formatting, Comments, Logging, no API-Keys in Repo)
B3: Every PR is peer-reviewed by at least one other developer
B4: Documentation is updated (eg. System Architecture, SBOM)
B5: Unit tests for new features have been written
C6: A release candidate representing a functional and verifiable increment over the previous sprint is tagged
C7: Existing features must remain operational and unaffected by the new changes
C8: Sprint release changelog have been written
D9: The system can be built and started from a clean repository checkout
D10: Core workflows are fully integrated and demonstrable end-to-end
D11: All major components are integrated and operational
D12: No critical or blocker defects remain open
D13: Architecture and technical documentation are finalized and updated
D14: SBOM and required project documentation are completed
D15: CI/CD pipeline passes successfully for the release version
D16: Release version is tagged and reproducible
D17: Build and deployment instructions are documented and verified
D18: Source code, documentation, and deliverables are submitted

Sheet Documentation
A1: Type | B1: Link / reference
A2: Team Logo (SVG + PNG) | B2: https://github.com/amosproj/amos2026ss04-taskorbit-conversational-agent/blob/feature/team-logo-design/Deliverables/sprint-01/team-logo.png
A3: Wiki | B3: https://github.com/amosproj/amos2026ss04-taskorbit-conversational-agent/wiki
A4: Repository Documentation | B4: https://github.com/amosproj/amos2026ss04-taskorbit-conversational-agent/tree/main/Documentation
A5: Deliverables | B5: https://github.com/amosproj/amos2026ss04-taskorbit-conversational-agent/tree/main/Deliverables
A6: Readme & Repository | B6: https://github.com/amosproj/amos2026ss04-taskorbit-conversational-agent

Sheet Bill of Materials
A1: # | B1: Context | C1: Name | D1: Version | E1: License | G1: Tool: Syft · deps as of 2026-07-02 (last lockfile change)
A2: 1 | B2: npm | C2: @bufbuild/protobuf | D2: 1.10.1 | E2: Apache-2.0 AND BSD-3-Clause
A3: 2 | B3: npm | C3: @floating-ui/core | D3: 1.7.5 | E3: MIT
A4: 3 | B4: npm | C4: @floating-ui/dom | D4: 1.7.4 | E4: MIT
A5: 4 | B5: npm | C5: @floating-ui/dom | D5: 1.7.6 | E5: MIT
A6: 5 | B6: npm | C6: @floating-ui/react-dom | D6: 2.1.8 | E6: MIT
A7: 6 | B7: npm | C7: @floating-ui/utils | D7: 0.2.11 | E7: MIT
A8: 7 | B8: npm | C8: @livekit/components-core | D8: 0.12.13 | E8: Apache-2.0
A9: 8 | B9: npm | C9: @livekit/components-react | D9: 2.9.20 | E9: Apache-2.0
A10: 9 | B10: npm | C10: @livekit/components-styles | D10: 1.2.0 | E10: Apache-2.0
A11: 10 | B11: npm | C11: @livekit/mutex | D11: 1.1.1 | E11: Apache-2.0
A12: 11 | B12: npm | C12: @livekit/protocol | D12: 1.45.3 | E12: Apache-2.0
A13: 12 | B13: npm | C13: @radix-ui/number | D13: 1.1.1 | E13: MIT
... A170: 169 | B170: python | C170: identify | D170: 2.6.19 | E170: UNKNOWN
A171: 170 | B171: python | C171: idna | D171: 3.13 | E171: UNKNOWN
A172: 171 | B172: python | C172: importlib-metadata | D172: 8.7.1 | E172: UNKNOWN
A173: 172 | B173: python | C173: iniconfig | D173: 2.3.0 | E173: UNKNOWN
A174: 173 | B174: python | C174: jiter | D174: 0.14.0 | E174: UNKNOWN
A175: 174 | B175: python | C175: jsonpath-python | D175: 1.1.6 | E175: UNKNOWN
A176: 175 | B176: python | C176: jsonschema | D176: 4.26.0 | E176: UNKNOWN
A177: 176 | B177: python | C177: jsonschema-specifications | D177: 2025.9.1 | E177: UNKNOWN
A178: 177 | B178: python | C178: librt | D178: 0.9.0 | E178: UNKNOWN
A179: 178 | B179: python | C179: livekit | D179: 1.1.5 | E179: UNKNOWN
A180: 179 | B180: python | C180: livekit-agents | D180: 1.5.6 | E180: UNKNOWN
A181: 180 | B181: python | C181: livekit-api | D181: 1.1.0 | E181: UNKNOWN
A182: 181 | B182: python | C182: livekit-blingfire | D182: 1.1.0 | E182: UNKNOWN
A183: 182 | B183: python | C183: livekit-plugins-deepgram | D183: 1.5.6 | E183: UNKNOWN
... A209: 208 | B209: python | C209: opentelemetry-semantic-conventions | D209: 0.60b1 | E209: UNKNOWN
A210: 209 | B210: python | C210: packaging | D210: 26.2 | E210: UNKNOWN
A211: 210 | B211: python | C211: pathspec | D211: 1.1.0 | E211: UNKNOWN
A212: 211 | B212: python | C212: pillow | D212: 12.2.0 | E212: UNKNOWN
A213: 212 | B213: python | C213: platformdirs | D213: 4.9.6 | E213: UNKNOWN
A214: 213 | B214: python | C214: pluggy | D214: 1.6.0 | E214: UNKNOWN
A215: 214 | B215: python | C215: pre-commit | D215: 4.6.0 | E215: UNKNOWN
A216: 215 | B216: python | C216: prometheus-client | D216: 0.22.1 | E216: UNKNOWN
A217: 216 | B217: python | C217: prometheus-fastapi-instrumentator | D217: 7.1.0 | E217: UNKNOWN
A218: 217 | B218: python | C218: propcache | D218: 0.4.1 | E218: UNKNOWN
A219: 218 | B219: python | C219: proto-plus | D219: 1.27.2 | E219: UNKNOWN
A220: 219 | B220: python | C220: protobuf | D220: 6.33.6 | E220: UNKNOWN
A221: 220 | B221: python | C221: psutil | D221: 7.2.2 | E221: UNKNOWN
A222: 221 | B222: python | C222: psycopg | D222: 3.3.3 | E222: UNKNOWN
... A225: 224 | B225: python | C225: pyasn1-modules | D225: 0.4.2 | E225: UNKNOWN
A226: 225 | B226: python | C226: pycparser | D226: 3 | E226: UNKNOWN
A227: 226 | B227: python | C227: pydantic | D227: 2.13.3 | E227: UNKNOWN
A228: 227 | B228: python | C228: pydantic-core | D228: 2.46.3 | E228: UNKNOWN
A229: 228 | B229: python | C229: pydantic-settings | D229: 2.14.0 | E229: UNKNOWN
A230: 229 | B230: python | C230: pygments | D230: 2.20.0 | E230: UNKNOWN
A231: 230 | B231: python | C231: pyjwt | D231: 2.12.1 | E231: UNKNOWN
A232: 231 | B232: python | C232: pytest | D232: 8.4.2 | E232: UNKNOWN
A233: 232 | B233: python | C233: pytest-asyncio | D233: 0.24.0 | E233: UNKNOWN
A234: 233 | B234: python | C234: python-discovery | D234: 1.2.2 | E234: UNKNOWN
A235: 234 | B235: python | C235: python-dotenv | D235: 1.2.2 | E235: UNKNOWN
A236: 235 | B236: python | C236: pyyaml | D236: 6.0.3 | E236: UNKNOWN
A237: 236 | B237: python | C237: referencing | D237: 0.37.0 | E237: UNKNOWN
A238: 237 | B238: python | C238: requests | D238: 2.33.1 | E238: UNKNOWN
... A253: 252 | B253: python | C253: typing-inspection | D253: 0.4.2 | E253: UNKNOWN
A254: 253 | B254: python | C254: tzdata | D254: 2026.2 | E254: UNKNOWN
A255: 254 | B255: python | C255: urllib3 | D255: 2.6.3 | E255: UNKNOWN
A256: 255 | B256: python | C256: uvicorn | D256: 0.32.1 | E256: UNKNOWN
A257: 256 | B257: python | C257: uvloop | D257: 0.22.1 | E257: UNKNOWN
A258: 257 | B258: python | C258: virtualenv | D258: 21.2.4 | E258: UNKNOWN
A259: 258 | B259: python | C259: watchfiles | D259: 1.1.1 | E259: UNKNOWN
A260: 259 | B260: python | C260: websockets | D260: 15.0.1 | E260: UNKNOWN
A261: 260 | B261: python | C261: yarl | D261: 1.23.0 | E261: UNKNOWN
A262: 261 | B262: python | C262: zipp | D262: 3.23.1 | E262: UNKNOWN

Sheet Planning Poker
A1: ='Project Team'!A1 -> Last Name | B1: ='Project Team'!B1 -> First Name | C1: Value
A2: ='Project Team'!A2 -> Fatima | B2: ='Project Team'!B2 -> Qiblataina | E2: =average(C2:C10) -> #DIV/0! | F2: =if(stdev(C2:C7) > 0,"NOK", "OK") -> #DIV/0!
A3: ='Project Team'!A3 -> Huy | B3: ='Project Team'!B3 -> Christoph
A4: ='Project Team'!A4 -> Raza | B4: ='Project Team'!B4 -> Asad
A5: ='Project Team'!A5 -> Jokiel | B5: ='Project Team'!B5 -> Rene
A6: ='Project Team'!A6 -> Mosler | B6: ='Project Team'!B6 -> Carl | E6: 0 | F6: No size
A7: ='Project Team'!A7 -> Vineesh | B7: ='Project Team'!B7 -> Koppay | E7: 1 | F7: Trivial size
A8: ='Project Team'!A8 -> Moeez | B8: ='Project Team'!B8 -> Abdul | E8: 2 | F8: Small size
A9: ='Project Team'!A9 -> Thakur | B9: ='Project Team'!B9 -> Shikhar | E9: 3 | F9: Medium size
A10: ='Project Team'!A10 -> Dhruvin | B10: ='Project Team'!B10 -> Vekariya | E10: 5 | F10: Large size
A11: Shameti | B11: Endri | E11: 8 | F11: Very large size
E12: 13 | F12: Too large (size)
A14: How to play planning poker
A16: 1. Everyone type their number into their value field, don't hit return yet
A17: 2. Someone, perhaps a product owner, count down 3.. 2.. 1..
A18: 3. Then, everyone hit return to submit their value

Sheet Calculations
A1: Sprint # | B1: Story Points Realized | C1: ="Average Realized (" & ROUND(AVERAGE(B2:B16), 0) & " SP/s)" -> Average Realized (25 SP/s) | E1: Mid Project Release | F1: Sprint | G1: Goal | H1: Feature Name | I1: Est. size | J1: Est. remaining | K1: Real size | L1: Real remaining | M1: Development Speed
A2: 1 | B2: ='Velocity Tracking'!B2 -> 1 | C2: =AVERAGE($B$2:$B$16) -> 24.583333
A3: =A2+1 -> 2 | B3: ='Velocity Tracking'!B3 -> 12 | C3: =AVERAGE($B$2:$B$16) -> 24.583333 | F3: Release
A4: =A3+1 -> 3 | B4: ='Velocity Tracking'!B4 -> 18 | C4: =AVERAGE($B$2:$B$16) -> 24.583333
A5: =A4+1 -> 4 | B5: ='Velocity Tracking'!B5 -> 36 | C5: =AVERAGE($B$2:$B$16) -> 24.583333 | F5: Total | I5: =SUM(I8:I15) -> 120 | J5: =I5 -> 120 | M5: =I5/6 -> 20
A6: =A5+1 -> 5 | B6: ='Velocity Tracking'!B6 -> 28 | C6: =AVERAGE($B$2:$B$16) -> 24.583333
A7: =A6+1 -> 6 | B7: ='Velocity Tracking'!B7 -> 21 | C7: =AVERAGE($B$2:$B$16) -> 24.583333 | F7: Sprints
A8: =A7+1 -> 7 | B8: ='Velocity Tracking'!B8 -> 30 | C8: =AVERAGE($B$2:$B$16) -> 24.583333 | F8: Sprints | J8: Est. remaining | L8: Real remaining | M8: ="Development Speed (≈" & ROUND(M5, 0) & " SP/s)" -> Development Speed (≈20 SP/s)
A9: =A8+1 -> 8 | B9: ='Velocity Tracking'!B9 -> 18 | C9: =AVERAGE($B$2:$B$16) -> 24.583333 | F9: 1 | I9: ='Mid-Project Release plan'!D9 -> 1 | J9: ='Mid-Project Release plan'!E9 -> 120 | K9: ='Mid-Project Release plan'!F9 -> 1 | L9: ='Mid-Project Release plan'!G9 -> 120 | M9: =$I$5 -> 120
A10: =A9+1 -> 9 | B10: ='Velocity Tracking'!B10 -> 40 | C10: =AVERAGE($B$2:$B$16) -> 24.583333 | F10: =F9+1 -> 2 | I10: ='Mid-Project Release plan'!D10 -> 16 | J10: ='Mid-Project Release plan'!E10 -> 119 | K10: ='Mid-Project Release plan'!F10 -> 12 | L10: ='Mid-Project Release plan'!G10 -> 119 | M10: =M9-$M$5 -> 100
A11: =A10+1 -> 10 | B11: ='Velocity Tracking'!B11 -> 33 | C11: =AVERAGE($B$2:$B$16) -> 24.583333 | F11: =F10+1 -> 3 | I11: ='Mid-Project Release plan'!D11 -> 19 | J11: ='Mid-Project Release plan'!E11 -> 103 | K11: ='Mid-Project Release plan'!F11 -> 18 | L11: ='Mid-Project Release plan'!G11 -> 107 | M11: =M10-$M$5 -> 80
A12: =A11+1 -> 11 | B12: ='Velocity Tracking'!B12 -> 32 | C12: =AVERAGE($B$2:$B$16) -> 24.583333 | F12: 4 | I12: ='Mid-Project Release plan'!D12 -> 30 | J12: ='Mid-Project Release plan'!E12 -> 84 | K12: ='Mid-Project Release plan'!F12 -> 36 | L12: ='Mid-Project Release plan'!G12 -> 89 | M12: =M11-$M$5 -> 60
A13: =A12+1 -> 12 | B13: ='Velocity Tracking'!B13 -> 26 | C13: =AVERAGE($B$2:$B$16) -> 24.583333 | F13: 5 | I13: ='Mid-Project Release plan'!D13 -> 29 | J13: ='Mid-Project Release plan'!E13 -> 54 | K13: ='Mid-Project Release plan'!F13 -> 28 | L13: ='Mid-Project Release plan'!G13 -> 53 | M13: =M12-$M$5 -> 40
A14: =A13+1 -> 13 | B14: ='Velocity Tracking'!B14 | C14: =AVERAGE($B$2:$B$16) -> 24.583333 | F14: 6 | I14: ='Mid-Project Release plan'!D14 -> 25 | J14: ='Mid-Project Release plan'!E14 -> 25 | K14: ='Mid-Project Release plan'!F14 -> 21 | L14: ='Mid-Project Release plan'!G14 -> 25 | M14: =M13-$M$5 -> 20
I15: ='Mid-Project Release plan'!D15 | J15: ='Mid-Project Release plan'!E15 | K15: ='Mid-Project Release plan'!F15 | L15: ='Mid-Project Release plan'!G15 | M15: =M14-$M$5 -> 0
E18: Final Release | F18: Sprint | G18: Goal | H18: Feature Name | I18: Est. size | J18: Est. remaining | K18: Real size | L18: Real remaining | M18: Development Speed
F20: Release
F22: Total | I22: =sum(I25:I32) -> 227 | J22: =I22 -> 227 | M22: =I22/7 -> 32.428571
F24: Sprints
J25: Est. remaining | L25: Real remaining | M25: ="Development Speed (≈" & ROUND(M22, 0) & " SP/s)" -> Development Speed (≈32 SP/s)
F26: 7 | I26: ='Final Project Release plan'!D9 -> 30 | J26: ='Final Project Release plan'!E9 -> 227 | K26: ='Final Project Release plan'!F9 -> 30 | L26: ='Final Project Release plan'!G9 -> 227 | M26: =$I$22 -> 227
F27: =F26+1 -> 8 | I27: ='Final Project Release plan'!D10 -> 24 | J27: ='Final Project Release plan'!E10 -> 197 | K27: ='Final Project Release plan'!F10 -> 18 | L27: ='Final Project Release plan'!G10 -> 197 | M27: =M26-$M$22 -> 194.57143
F28: =F27+1 -> 9 | I28: ='Final Project Release plan'!D11 -> 29 | J28: ='Final Project Release plan'!E11 -> 173 | K28: ='Final Project Release plan'!F11 -> 40 | L28: ='Final Project Release plan'!G11 -> 179 | M28: =M27-$M$22 -> 162.14286
F29: 10 | I29: ='Final Project Release plan'!D12 -> 31 | J29: ='Final Project Release plan'!E12 -> 144 | K29: ='Final Project Release plan'!F12 -> 33 | L29: ='Final Project Release plan'!G12 -> 139 | M29: =M28-$M$22 -> 129.71429
F30: 11 | I30: ='Final Project Release plan'!D13 -> 32 | J30: ='Final Project Release plan'!E13 -> 113 | K30: ='Final Project Release plan'!F13 -> 32 | L30: ='Final Project Release plan'!G13 -> 106 | M30: =M29-$M$22 -> 97.285714
F31: 12 | I31: ='Final Project Release plan'!D14 -> 36 | J31: ='Final Project Release plan'!E14 -> 81 | K31: ='Final Project Release plan'!F14 -> 26 | L31: ='Final Project Release plan'!G14 -> 74 | M31: =M30-$M$22 -> 64.857143
F32: 13 | I32: ='Final Project Release plan'!D15 -> 45 | J32: ='Final Project Release plan'!E15 -> 45 | K32: ='Final Project Release plan'!F15 -> 0 | L32: ='Final Project Release plan'!G15 -> 48 | M32: =M31-$M$22 -> 32.428571

Sheet Bill of Materials (Old)
A1: # | B1: Context | C1: Name | D1: Version | E1: License | F1: Comment
A2: 1 | B2: python | C2: fastapi | D2: ^0.115.0 | E2: MIT | F2: REST API framework
A3: 2 | B3: python | C3: uvicorn | D3: ^0.32.0 | E3: BSD | F3: ASGI server
A4: 3 | B4: python | C4: pydantic | D4: ^2.9.0 | E4: MIT | F4: Data validation
A5: 4 | B5: python | C5: pydantic-settings | D5: ^2.6.0 | E5: MIT | F5: Settings management
A6: 5 | B6: python | C6: python-dotenv | D6: ^1.0.1 | E6: BSD | F6: Environment config
A7: 6 | B7: python | C7: livekit-agents | D7: ^1.5.0 | E7: Apache-2.0 | F7: Voice agent framework
A8: 7 | B8: python | C8: sqlalchemy | D8: ^2.0.36 | E8: MIT | F8: Database ORM
A9: 8 | B9: python | C9: alembic | D9: ^1.14.0 | E9: MIT | F9: Database migrations
A10: 9 | B10: python | C10: psycopg | D10: ^3.2.0 | E10: LGPL | F10: PostgreSQL driver
A11: 10 | B11: python | C11: structlog | D11: ^24.4.0 | E11: MIT | F11: Structured logging
A12: 11 | B12: python | C12: prometheus-fastapi-instrumentator | D12: ^7.0.0 | E12: ISC | F12: FastAPI middleware for Prometheus metrics
A13: 12 | B13: python | C13: prometheus-client | D13: ^0.22.0 | E13: Apache-2.0 | F13: Official Prometheus instrumentation client
... A31: 30 | B31: python | C31: aiosqlite | D31: ^0.22.1 | E31: MIT | F31: Async SQLite driver for testing
